state, ot, op, egt, rpm, thr
PASS,144,51,281,0,0
,,,,,
HEAT,141,51,280,0,0
HEAT,141,52,280,0,0
HEAT,141,51,279,0,0
HEAT,140,51,279,0,0
HEAT,140,51,280,0,0
HEAT,140,50,280,0,0
HEAT,140,49,279,312,0
HEAT,140,51,279,1560,0
HEAT,140,52,279,2184,0
HEAT,140,51,279,2808,0
HEAT,139,51,279,2184,0
HEAT,139,51,279,2808,0
HEAT,138,51,279,2184,0
HEAT,138,51,279,2184,0
HEAT,139,51,278,2184,0
HEAT,139,52,279,2184,0
HEAT,139,52,279,2808,0
HEAT,139,51,278,2808,0
HEAT,140,51,277,2808,0
HEAT,138,51,277,2184,0
HEAT,138,50,276,2184,0
HEAT,139,51,278,2808,0
HEAT,138,51,278,2808,0
HEAT,139,52,277,2184,0
HEAT,138,51,278,2184,0
HEAT,138,51,280,2808,0
HEAT,138,50,282,2184,0
HEAT,137,51,284,2808,0
HEAT,138,51,287,2184,0
HEAT,137,51,289,2808,0
HEAT,137,52,293,2808,0
HEAT,137,51,297,2808,0
HEAT,137,51,300,2184,0
HEAT,137,51,305,2808,0
HEAT,137,51,308,2184,0
HEAT,136,51,313,2808,0
HEAT,136,52,317,2808,0
HEAT,137,50,323,2808,0
HEAT,137,51,328,2184,0
HEAT,137,51,333,2808,0
HEAT,137,51,338,2184,0
HEAT,137,51,344,2808,0
HEAT,136,52,350,2808,0
HEAT,135,51,356,2808,0
HEAT,137,51,362,2184,0
HEAT,136,50,368,2808,0
HEAT,136,51,374,2184,0
HEAT,136,51,380,2184,0
HEAT,136,51,387,2808,0
HEAT,136,51,393,2808,0
HEAT,136,50,399,2808,0
HEAT,136,51,406,2184,0
HEAT,135,50,412,2808,0
HEAT,136,51,418,2808,0
HEAT,136,51,425,2184,0
HEAT,137,50,432,2808,0
HEAT,137,51,438,2808,0
HEAT,136,51,443,2184,0
HEAT,137,52,450,2808,0
HEAT,137,51,457,2808,0
HEAT,136,51,463,2808,0
HEAT,137,51,469,2808,0
HEAT,137,51,477,2808,0
HEAT,137,50,482,2184,0
HEAT,136,51,489,2184,0
HEAT,137,51,495,2808,0
HEAT,137,51,502,2808,0
HEAT,137,51,507,2184,0
HEAT,137,51,513,2808,0
HEAT,136,51,519,2808,0
HEAT,137,52,526,2184,0
HEAT,137,50,531,2184,0
HEAT,137,51,538,2808,0
HEAT,137,51,542,2184,0
HEAT,137,51,548,2184,0
HEAT,137,51,554,2808,0
HEAT,138,50,559,2808,0
HEAT,137,51,565,2808,0
HEAT,137,52,571,2808,0
HEAT,136,51,576,2184,0
HEAT,137,51,582,2808,0
HEAT,137,51,587,2808,0
HEAT,137,50,593,2808,0
HEAT,137,50,597,2808,0
HEAT,137,51,603,2184,0
HEAT,137,51,608,2184,0
HEAT,137,50,613,2808,0
HEAT,137,51,617,2808,0
HEAT,137,51,622,2184,0
HEAT,138,51,628,2184,0
HEAT,138,51,632,2184,0
HEAT,137,51,636,2808,0
HEAT,137,51,641,2184,0
HEAT,137,50,646,2184,0
HEAT,137,51,650,2184,0
HEAT,137,51,654,2808,0
HEAT,138,50,660,2808,0
HEAT,138,50,663,2808,0
HEAT,138,51,667,2808,0
HEAT,138,51,672,2808,0
HEAT,137,50,676,2808,0
HEAT,137,51,681,2184,0
HEAT,138,51,685,2184,0
HEAT,138,51,689,2808,0
HEAT,138,51,693,2808,0
HEAT,137,51,697,2184,0
HEAT,137,51,702,2184,0
HEAT,138,49,704,2808,0
HEAT,137,51,708,2808,0
HEAT,137,51,713,2808,0
HEAT,138,51,716,2184,0
HEAT,138,51,721,2808,0
HEAT,137,51,724,2808,0
HEAT,137,51,728,2808,0
HEAT,138,50,731,2184,0
HEAT,138,50,735,2184,0
HEAT,138,51,738,2808,0
HEAT,136,50,742,2808,0
HEAT,137,51,746,2184,0
HEAT,138,51,749,2184,0
HEAT,138,51,752,2808,0
START,139,52,756,2808,0
START,138,50,759,6552,0
START,138,50,762,9672,0
START,138,48,766,11856,0
START,139,48,770,13104,0
START,139,51,774,14352,0
START,138,50,779,14976,0
START,139,50,786,16224,0
START,139,51,793,17160,0
START,138,50,803,17160,0
START,138,48,813,18720,0
START,138,49,823,21216,0
START,139,51,834,22776,0
START,139,51,846,23712,0
START,139,52,860,24960,0
START,140,52,874,26832,0
START,138,52,889,28080,0
RUN,139,52,905,30888,0
RUN,139,51,923,31512,0
RUN,140,51,941,33384,0
RUN,139,51,959,34944,0
RUN,140,51,976,36504,0
RUN,139,51,990,37440,0
RUN,140,51,1004,37752,0
RUN,140,50,1016,37752,0
RUN,140,50,1025,37752,0
RUN,140,50,1032,37752,0
RUN,140,50,1038,38064,0
RUN,140,50,1040,37440,0
RUN,141,50,1042,36816,0
RUN,141,50,1041,36816,0
RUN,140,50,1042,36504,0
RUN,140,49,1039,36816,0
RUN,140,49,1035,36816,0
RUN,141,49,1032,35880,0
RUN,141,50,1028,35880,0
RUN,140,49,1023,36192,0
RUN,140,49,1017,36192,0
RUN,140,49,1012,35256,0
RUN,141,49,1006,34944,0
RUN,141,49,1000,34944,0
RUN,141,49,994,34944,0
RUN,140,50,988,35256,0
RUN,140,49,981,34944,0
RUN,141,49,975,34944,0
RUN,140,49,969,35256,0
RUN,141,49,963,34632,0
RUN,140,49,958,34320,0
RUN,140,50,952,34008,0
RUN,140,48,945,34632,0
RUN,140,49,941,34008,0
RUN,140,49,936,33696,0
RUN,141,50,930,34008,0
RUN,141,49,925,33072,0
RUN,141,49,921,33384,0
RUN,140,49,916,33384,0
RUN,140,49,911,33696,0
RUN,140,49,906,33696,0
RUN,140,49,902,33072,0
RUN,140,49,896,33384,0
RUN,141,49,894,32760,0
RUN,140,48,890,33072,0
RUN,140,49,886,33072,0
RUN,140,49,882,33072,0
RUN,140,49,878,32136,0
RUN,140,48,876,32136,0
RUN,140,49,872,32136,0
RUN,139,49,870,32448,0
RUN,140,49,867,32136,0
RUN,140,49,864,31512,0
RUN,140,48,862,31512,0
RUN,140,48,860,31200,0
RUN,140,48,857,31200,0
RUN,140,48,855,31200,0
RUN,141,48,852,30888,0
RUN,140,48,851,31200,0
RUN,141,49,849,30576,0
RUN,140,49,847,30888,0
RUN,140,48,845,30576,0
RUN,141,49,843,29952,0
RUN,140,48,842,30576,0
RUN,140,49,841,30888,0
RUN,140,49,838,29952,0
RUN,140,49,837,30576,0
RUN,141,49,837,29640,0
RUN,140,49,837,30264,0
RUN,140,49,836,29952,0
RUN,140,49,835,29952,0
RUN,141,49,834,30264,0
RUN,140,49,834,29952,0
RUN,140,49,834,30576,0
RUN,140,49,833,30888,0
RUN,140,49,834,30888,0
RUN,141,49,833,30576,0
RUN,141,49,834,30264,0
RUN,140,49,835,30264,0
RUN,141,49,835,29952,0
RUN,141,49,836,30888,0
RUN,141,49,837,30576,15
RUN,141,49,837,30576,23
RUN,141,49,837,30576,28
RUN,141,49,837,30576,32
RUN,141,49,838,31512,34
RUN,141,49,838,31512,35
RUN,141,49,839,31824,37
RUN,142,49,841,32448,39
RUN,142,49,842,33384,41
RUN,142,49,844,34320,44
RUN,142,49,846,34632,47
RUN,142,49,848,35256,50
RUN,142,48,851,36504,51
RUN,142,49,854,37440,53
RUN,142,49,855,38688,56
RUN,142,49,858,39000,58
RUN,142,48,860,39000,60
RUN,143,49,863,39624,61
RUN,142,48,865,39936,63
RUN,142,48,867,40560,65
RUN,143,49,869,40872,66
RUN,143,49,870,41808,69
RUN,143,48,872,42432,71
RUN,142,48,872,43368,75
RUN,143,49,873,43992,77
RUN,143,49,873,44304,81
RUN,143,48,873,44304,84
RUN,143,48,873,44928,87
RUN,143,49,873,45552,90
RUN,144,49,873,46176,93
RUN,144,48,872,46176,95
RUN,143,49,872,46176,98
RUN,143,49,871,47736,102
RUN,143,48,871,47736,106
RUN,144,48,869,48984,108
RUN,144,48,868,48984,113
RUN,144,48,868,48984,117
RUN,144,48,868,49608,120
RUN,144,48,867,50856,123
RUN,144,48,866,49608,126
RUN,144,48,865,48360,128
RUN,144,48,864,47112,130
RUN,144,48,864,39312,132
RUN,145,48,864,43992,134
RUN,144,48,863,37440,136
RUN,144,48,863,43992,138
RUN,145,48,862,44928,139
RUN,144,48,862,50232,139
RUN,144,48,861,52728,133
RUN,144,48,860,45552,118
RUN,145,48,860,48672,103
RUN,145,48,860,46800,90
RUN,145,48,858,39000,87
RUN,146,48,858,45864,86
RUN,145,48,856,38688,86
RUN,144,48,855,42432,86
RUN,145,48,854,39936,86
RUN,146,48,852,41496,86
RUN,145,48,850,37128,86
RUN,146,49,847,43680,86
RUN,145,48,846,38376,86
RUN,147,48,844,44928,85
RUN,146,48,842,35568,85
RUN,146,48,840,34008,85
RUN,146,48,838,26520,85
RUN,147,48,837,32760,85
COOL,147,47,836,23712,86
COOL,146,48,833,37752,86
COOL,147,48,832,33696,86
COOL,147,48,829,29952,86
COOL,146,48,827,25584,86
COOL,147,48,823,22464,86
COOL,148,48,819,20592,86
COOL,148,48,815,19344,86
COOL,148,47,810,17472,86
COOL,147,48,806,15912,86
COOL,148,48,800,14352,86
COOL,148,48,795,13728,86
COOL,148,48,790,12480,86
COOL,149,48,785,11232,86
COOL,149,48,780,11232,86
COOL,148,48,775,9984,86
COOL,148,48,770,9360,86
COOL,149,48,765,8736,86
COOL,149,48,760,9048,86
COOL,149,48,755,7800,86
COOL,148,48,751,7800,86
COOL,149,48,745,7176,86
COOL,149,48,742,6552,86
COOL,150,48,738,6552,86
COOL,149,48,733,5928,86
COOL,150,49,730,5304,86
COOL,150,48,726,4680,86
COOL,150,48,722,4680,86
COOL,150,48,719,4680,86
COOL,151,48,714,4056,86
COOL,151,48,711,4056,86
COOL,151,48,707,4056,86
COOL,151,48,706,4056,86
COOL,151,48,701,3432,86
COOL,151,48,699,2808,86
COOL,151,48,696,2808,86
COOL,151,48,693,2808,86
COOL,151,48,689,2808,86
COOL,152,49,688,2808,86
COOL,152,48,685,2184,86
COOL,152,48,681,2184,86
COOL,152,48,680,1560,86
COOL,152,48,678,2184,86
COOL,153,48,675,2184,86
COOL,153,49,673,2808,86
COOL,152,48,671,2808,86
COOL,152,48,669,2184,86
COOL,153,48,666,2808,86
COOL,153,48,666,2808,86
COOL,153,48,664,2808,86
COOL,152,48,662,2808,86
COOL,153,48,659,2808,86
COOL,153,48,658,2808,86
COOL,153,48,656,2808,86
COOL,153,48,655,2808,86
COOL,153,49,652,2808,86
COOL,153,49,652,2808,86
COOL,153,49,649,2808,86
COOL,153,48,648,2808,86
COOL,153,48,645,2808,86
COOL,154,49,644,2808,86
COOL,154,48,643,2808,86
COOL,153,48,641,2808,86
COOL,154,48,640,2808,86
COOL,154,49,638,2808,86
COOL,154,49,636,2808,86
COOL,154,50,635,2808,86
COOL,154,49,635,2808,86
COOL,154,49,633,2808,86
COOL,154,48,631,2808,86
COOL,154,49,629,2808,86
COOL,154,49,628,2808,86
COOL,154,49,626,2808,86
COOL,155,49,625,2808,86
COOL,155,49,624,2808,86
COOL,154,49,622,2808,86
COOL,154,49,621,2808,86
COOL,154,49,619,2808,86
COOL,155,49,618,2808,86
COOL,155,49,617,2808,86
COOL,155,50,615,2808,86
COOL,155,49,613,2808,86
COOL,155,49,613,2808,86
COOL,154,48,612,2808,86
COOL,155,49,610,2808,86
COOL,155,49,608,2808,86
COOL,154,49,608,2808,86
COOL,155,49,606,2808,86
COOL,156,48,605,2808,86
COOL,155,49,604,2808,86
COOL,155,49,603,2184,86
COOL,155,49,600,2808,86
COOL,155,49,599,2808,86
COOL,156,48,599,2808,86
COOL,156,49,597,2808,86
COOL,156,48,596,2808,86
COOL,155,48,595,2808,86
COOL,155,49,594,2808,86
COOL,156,48,593,2808,86
COOL,155,49,591,2808,86
COOL,156,49,590,2808,86
COOL,156,49,589,2808,86
COOL,156,49,588,2184,86
COOL,156,48,587,2808,86
COOL,156,48,585,2808,86
COOL,156,49,584,2808,86
COOL,156,49,583,2808,86
COOL,156,48,581,2808,86
COOL,157,48,581,2808,86
COOL,157,48,579,2808,86
COOL,157,47,578,2808,86
COOL,157,49,577,2808,86
COOL,156,49,576,2808,86
COOL,156,49,575,2808,86
COOL,156,49,574,2808,86
COOL,157,48,572,2808,86
COOL,157,49,571,2808,86
COOL,157,49,569,2808,86
COOL,157,49,569,2808,86
COOL,158,49,568,2808,86
COOL,158,49,566,2184,86
COOL,157,49,566,2808,86
COOL,157,48,565,2808,86
COOL,158,48,563,2808,86
COOL,156,49,562,2808,86
COOL,158,49,561,2808,86
COOL,158,48,559,2808,86
COOL,158,49,558,2808,86
COOL,158,48,557,2808,86
COOL,158,48,556,2808,86
COOL,158,48,555,2808,86
COOL,158,48,554,2808,86
COOL,158,49,553,2808,86
COOL,158,49,552,2808,86
COOL,157,49,551,2808,86
COOL,158,49,550,2808,86
COOL,158,49,548,2808,86
COOL,158,49,547,2808,86
COOL,158,49,546,2808,86
COOL,157,48,545,2808,86
COOL,158,48,545,2808,86
COOL,157,48,544,2808,86
COOL,158,49,542,2808,86
COOL,158,49,542,2808,86
COOL,158,49,540,2184,86
COOL,158,49,540,2808,86
COOL,158,48,539,2808,86
COOL,158,48,538,2808,86
COOL,158,48,536,2808,86
COOL,158,49,536,2808,86
COOL,158,49,535,2808,86
COOL,158,49,534,2808,86
COOL,158,49,533,2808,86
COOL,158,49,532,2808,86
COOL,158,48,530,2808,86
COOL,158,48,530,2808,86
COOL,158,48,529,2808,86
COOL,158,49,528,2808,86
COOL,158,49,526,2184,86
COOL,158,48,527,2808,86
COOL,158,48,525,2808,86
COOL,158,49,524,2808,86
COOL,158,49,523,2808,86
COOL,157,48,522,2808,86
COOL,158,48,521,2808,86
COOL,158,49,520,2808,86
COOL,158,49,520,2808,86
COOL,158,49,518,2808,86
COOL,158,48,518,2808,86
COOL,158,49,517,2808,86
COOL,158,48,516,2184,86
COOL,158,48,515,2808,86
COOL,159,49,513,2808,86
COOL,158,49,513,2808,86
COOL,158,49,512,2808,86
COOL,158,49,512,2808,86
COOL,158,49,510,2808,86
COOL,158,48,509,2808,86
COOL,159,48,508,2808,86
COOL,158,49,507,2808,86
COOL,158,48,506,2808,86
COOL,158,48,506,2808,86
COOL,158,49,504,2808,86
COOL,158,48,503,2808,86
COOL,158,48,503,2808,86
COOL,158,49,502,2808,86
COOL,158,48,501,2808,86
COOL,158,48,500,2808,86
COOL,159,49,500,2808,86
COOL,159,49,498,2808,86
COOL,158,48,498,2184,86
COOL,158,49,496,2808,86
COOL,158,49,497,2808,86
COOL,158,49,495,2808,86
COOL,158,49,494,2184,86
COOL,159,48,494,2808,86
COOL,158,49,492,2808,86
COOL,158,49,492,2808,86
COOL,158,48,490,2184,86
COOL,158,48,491,2808,86
COOL,158,48,490,2808,86
COOL,159,49,488,2808,86
COOL,158,49,487,2808,86
COOL,159,49,486,2808,86
COOL,158,48,485,2808,86
COOL,159,48,485,2808,86
COOL,158,49,484,2808,86
COOL,158,49,483,2808,86
COOL,158,48,482,2808,86
COOL,159,48,482,2184,86
COOL,159,49,480,2808,86
COOL,159,48,480,2808,86
COOL,159,49,479,2808,86
COOL,159,48,479,2808,86
COOL,159,49,478,2808,86
COOL,159,49,477,2808,86
COOL,159,49,475,2184,86
COOL,158,49,475,2808,86
COOL,159,49,474,2808,86
COOL,159,49,474,2808,86
COOL,159,49,473,2808,86
COOL,158,48,472,2808,86
COOL,159,49,471,2808,86
COOL,159,49,470,2184,86
COOL,159,48,469,2808,86
COOL,159,50,469,2808,86
COOL,159,49,468,2808,86
COOL,160,50,468,2808,86
COOL,159,49,467,2808,86
COOL,159,49,466,2808,86
COOL,159,49,466,2184,86
COOL,159,49,464,2808,86
COOL,159,49,464,2808,86
COOL,160,50,462,2184,86
COOL,159,49,462,2808,86
COOL,160,49,462,2808,86
COOL,159,49,461,2184,86
COOL,160,49,460,2808,86
COOL,160,49,459,2808,86
COOL,159,48,459,2184,86
COOL,160,50,458,2808,86
COOL,160,49,457,2808,86
COOL,159,49,456,2808,86
COOL,160,49,456,2808,86
COOL,160,49,455,2808,86
COOL,160,49,454,2184,86
COOL,161,49,453,2808,86
COOL,159,49,452,2808,86
COOL,159,49,451,2808,86
COOL,161,49,450,2808,86
COOL,160,49,450,2808,86
COOL,160,49,449,2808,86
COOL,160,49,449,2808,86
COOL,161,49,449,2808,86
COOL,161,49,447,2808,86
COOL,161,49,447,2808,86
COOL,161,49,446,2808,86
COOL,161,49,445,2808,86
COOL,161,49,445,2808,86
COOL,161,49,444,2808,86
COOL,160,49,443,2808,86
COOL,161,48,442,2808,86
COOL,161,49,442,2808,86
COOL,162,49,441,2808,86
COOL,162,49,441,2184,86
COOL,161,49,439,2808,86
COOL,162,49,440,2808,86
COOL,162,48,439,2808,86
COOL,162,49,438,2808,86
COOL,161,49,438,2808,86
COOL,161,49,436,2808,86
COOL,161,49,436,2808,86
COOL,161,49,436,2808,86
COOL,161,49,435,2808,86
COOL,161,49,434,2184,86
COOL,162,49,433,2808,86
COOL,162,49,433,2808,86
COOL,161,49,432,2808,86
COOL,162,49,432,2808,86
COOL,161,49,430,2808,86
COOL,161,49,429,2808,86
COOL,162,49,430,2808,86
COOL,162,49,429,2808,86
COOL,162,48,429,2808,86
COOL,162,49,427,2808,86
COOL,161,49,427,2184,86
COOL,162,49,426,2808,86
COOL,162,49,427,2808,86
COOL,162,48,425,2808,86
COOL,162,49,426,2808,86
COOL,162,48,425,2808,86
COOL,162,49,423,2808,86
COOL,162,48,422,2808,86
COOL,161,48,422,2808,86
COOL,162,49,421,2808,86
COOL,162,49,421,2808,86
COOL,162,49,420,2808,86
COOL,162,49,420,2808,86
COOL,162,49,419,2184,86
COOL,163,49,419,2808,86
COOL,162,49,419,2808,86
COOL,162,48,418,2808,86
COOL,162,49,417,2808,86
COOL,162,49,416,2808,86
COOL,162,49,416,2808,86
COOL,162,48,415,2808,86
COOL,162,49,414,2808,86
COOL,162,49,413,2808,86
COOL,163,49,413,2808,86
COOL,162,49,413,2808,86
COOL,162,49,412,2808,86
COOL,163,48,412,2808,86
COOL,163,49,411,2808,86
COOL,162,49,410,2808,86
COOL,162,49,410,2808,86
COOL,163,48,409,2808,86
COOL,163,48,409,2808,86
COOL,163,49,408,2808,86
COOL,163,49,408,2808,86
COOL,162,49,407,2184,86
COOL,163,48,407,2808,86
COOL,163,49,406,2808,86
COOL,162,48,405,2808,86
COOL,164,49,405,2808,86
COOL,164,48,404,2808,86
COOL,163,48,404,2808,86
COOL,162,48,403,2808,86
COOL,163,49,402,2808,86
COOL,163,49,402,2808,86
COOL,163,48,401,2808,86
COOL,164,48,401,2808,86
COOL,164,49,401,2808,86
COOL,163,47,400,2808,86
COOL,164,49,399,2808,86
COOL,164,49,399,2808,86
COOL,163,49,399,2808,86
COOL,163,49,398,2808,86
COOL,164,49,397,2808,86
COOL,164,49,396,2808,86
COOL,163,49,396,2808,86
COOL,165,49,396,2808,86
COOL,164,49,395,2808,86
COOL,163,49,395,2808,86
COOL,165,49,393,2184,86
COOL,165,49,393,2808,86
COOL,164,48,393,2808,86
COOL,164,49,392,2808,86
COOL,165,48,392,2808,86
COOL,164,49,392,2808,86
COOL,164,48,392,2808,86
COOL,165,49,390,2808,86
COOL,165,49,390,2808,86
COOL,165,49,389,2808,86
COOL,165,49,389,2184,86
COOL,165,49,388,2808,86
COOL,165,49,388,2184,86
COOL,165,49,387,2808,86
COOL,166,49,387,2808,86
COOL,165,49,386,2808,86
COOL,165,49,386,2808,86
COOL,166,49,386,2184,86
COOL,165,49,385,2808,86
COOL,166,49,385,2184,86
COOL,165,48,383,2808,86
COOL,165,49,383,2184,86
COOL,165,49,384,2808,86
COOL,164,49,382,2808,86
COOL,165,49,382,2808,86
COOL,166,49,382,2808,86
COOL,167,49,381,2808,86
COOL,165,49,381,2808,86
COOL,166,49,381,2184,86
COOL,165,48,380,2808,86
COOL,166,49,378,2184,86
COOL,165,48,379,2808,86
COOL,166,49,378,2808,86
COOL,165,49,378,2808,86
COOL,166,49,378,2808,86
COOL,166,48,376,2808,86
COOL,165,49,377,2808,86
COOL,165,48,376,2184,86
COOL,165,49,375,2808,86
COOL,165,48,374,2808,86
COOL,166,49,374,2808,86
COOL,166,49,374,2808,86
COOL,167,49,374,2808,86
COOL,166,49,373,2808,86
COOL,167,48,374,2808,86
COOL,167,49,373,2808,86
COOL,167,49,371,2808,86
COOL,167,49,372,2808,86
COOL,167,48,371,2808,86
COOL,167,49,370,2808,86
COOL,167,49,369,2808,86
COOL,166,48,370,2808,86
COOL,166,49,369,2184,86
COOL,166,49,369,2808,86
COOL,166,49,369,2808,86
COOL,166,48,369,2808,86
COOL,167,48,367,2808,86
COOL,167,49,368,2184,86
COOL,167,48,367,2808,86
COOL,166,48,366,2808,86
COOL,166,49,365,2808,86
COOL,166,48,366,2808,86
COOL,167,49,365,2808,86
COOL,166,49,365,2808,86
COOL,166,49,365,2184,86
COOL,167,49,364,2808,86
COOL,167,49,364,2808,86
COOL,167,49,363,2808,86
COOL,166,49,363,2184,86
COOL,167,49,361,2808,86
COOL,167,48,362,2184,86
COOL,167,49,362,2808,86
COOL,168,48,360,2184,86
COOL,168,49,361,2808,86
COOL,167,49,360,2808,86
COOL,167,49,360,2808,86
COOL,168,48,359,2808,86
COOL,167,49,360,2808,86
COOL,167,50,359,2808,86
COOL,167,49,358,2184,86
COOL,168,48,358,2808,86
COOL,167,49,357,2184,86
COOL,167,49,357,2808,86
COOL,167,49,357,2808,86
COOL,167,49,357,2808,86
COOL,168,49,356,2184,86
COOL,167,49,355,2808,86
COOL,168,50,355,2184,86
COOL,167,49,356,2808,86
COOL,168,49,355,2184,86
COOL,167,48,354,2808,86
COOL,167,49,354,2808,86
COOL,167,49,353,2808,86
COOL,168,49,353,2184,86
COOL,168,49,352,2808,86
COOL,167,48,351,2184,86
COOL,167,49,352,2808,86
COOL,168,49,351,2184,86
COOL,168,48,351,2808,86
COOL,168,49,350,2184,86
COOL,167,49,349,2808,86
COOL,168,49,350,2184,86
COOL,167,49,350,2808,86
COOL,168,49,348,2808,86
COOL,167,49,349,2808,86
COOL,168,49,349,2808,86
COOL,168,48,348,2808,86
COOL,167,49,347,2808,86
COOL,167,49,347,2184,86
COOL,167,49,347,2808,86
COOL,168,48,347,2808,86
COOL,167,48,346,2808,86
COOL,167,49,346,2808,86
COOL,167,48,345,2184,86
COOL,168,48,344,2808,86
COOL,168,49,345,2808,86
COOL,167,49,345,2808,86
COOL,167,49,343,2808,86
COOL,168,49,344,2184,86
COOL,168,49,342,2808,86
COOL,168,49,343,2808,86
COOL,168,49,343,2808,86
COOL,167,49,342,2808,86
COOL,168,49,342,2808,86
COOL,168,48,342,2808,86
COOL,168,49,340,2184,86
COOL,168,49,340,2808,86
COOL,168,49,341,2808,86
COOL,167,48,340,2808,86
COOL,168,48,339,2184,86
COOL,168,49,339,2808,86
COOL,168,49,338,2184,86
COOL,167,48,338,2808,86
COOL,168,49,338,2184,86
COOL,168,48,338,2808,86
COOL,168,49,338,2808,86
COOL,167,49,336,2808,86
COOL,168,48,337,2184,86
COOL,168,49,337,2808,86
COOL,168,49,335,2184,86
COOL,168,48,337,2808,86
COOL,168,49,336,2808,86
COOL,168,49,335,2808,86
COOL,168,49,334,2808,86
COOL,168,49,334,2808,86
COOL,168,49,334,2184,86
COOL,168,49,334,2808,86
COOL,168,49,333,2808,86
COOL,168,49,333,2808,86
COOL,168,48,333,2184,86
COOL,168,49,333,2808,86
COOL,169,49,332,2184,86
COOL,168,49,332,2808,86
COOL,168,49,332,2808,86
COOL,168,48,331,2808,86
COOL,168,48,331,2808,86
COOL,168,48,331,2808,86
COOL,168,48,330,2808,86
COOL,168,49,330,2808,86
COOL,169,48,329,2808,86
COOL,169,48,329,2808,86
COOL,168,47,329,2808,86
COOL,168,49,329,2808,86
COOL,169,49,329,2808,86
COOL,168,49,328,2808,86
COOL,168,49,328,2808,86
COOL,168,49,327,2808,86
COOL,168,49,326,2808,86
COOL,169,49,327,2808,86
COOL,169,49,325,2184,86
COOL,169,49,325,2808,86
COOL,169,49,325,2184,86
COOL,169,49,325,2808,86
COOL,169,48,326,2808,86
COOL,168,49,324,2808,86
COOL,168,49,325,2808,86
COOL,170,48,324,2184,86
COOL,168,49,324,2808,86
COOL,168,49,323,2184,86
COOL,169,50,323,2808,86
COOL,169,49,323,2808,86
COOL,168,49,323,2808,86
COOL,170,49,323,2808,86
COOL,169,49,322,2808,86
COOL,169,49,322,2808,86
COOL,169,49,322,2808,86
COOL,169,49,320,2808,86
COOL,169,49,321,2808,86
COOL,169,49,321,2808,86
COOL,168,48,320,2808,86
COOL,169,49,320,2808,86
COOL,169,49,320,2808,86
COOL,169,50,320,2808,86
COOL,169,49,319,2808,86
COOL,168,49,319,2808,86
COOL,169,49,319,2184,86
COOL,169,49,317,2808,86
COOL,169,49,319,2808,86
COOL,170,50,318,2808,86
COOL,169,49,318,2808,86
COOL,170,49,317,2808,86
COOL,170,49,317,2808,86
COOL,170,49,316,2184,86
COOL,169,49,316,2808,86
COOL,170,49,316,2184,86
COOL,168,49,315,2808,86
COOL,169,49,315,2184,86
COOL,169,49,315,2808,86
COOL,169,49,314,2184,86
COOL,169,49,315,2808,86
COOL,169,48,314,2808,86
COOL,169,49,314,2808,86
COOL,169,49,313,2808,86
COOL,168,49,314,2808,86
COOL,168,49,313,2808,86
COOL,169,49,313,2184,86
COOL,169,49,313,2808,86
COOL,169,48,312,2184,86
COOL,169,49,311,2808,86
COOL,169,49,312,2184,86
COOL,169,47,311,2808,86
COOL,169,49,311,2808,86
COOL,169,50,311,2808,86
COOL,169,49,311,2808,86
COOL,169,49,311,2808,86
COOL,169,49,310,2808,86
COOL,168,50,309,2808,86
COOL,169,50,309,2808,86
COOL,168,50,310,2184,86
COOL,168,49,309,2808,86
COOL,169,49,308,2184,86
COOL,169,50,309,2808,86
COOL,168,50,308,2184,86
COOL,168,49,307,2808,86
COOL,169,49,308,2184,86
COOL,168,50,307,2808,86
COOL,168,48,306,2184,86
COOL,168,50,306,2808,86
COOL,168,50,307,2808,86
COOL,168,50,306,2808,86
COOL,168,50,305,2808,86
COOL,169,50,306,2808,86
COOL,168,49,306,2808,86
COOL,169,49,305,2808,86
COOL,169,49,305,2808,86
COOL,169,48,305,2808,86
COOL,169,49,304,2808,86
COOL,169,49,304,2808,86
COOL,168,49,304,2808,86
COOL,169,49,303,2184,86
COOL,169,49,303,2808,86
COOL,168,49,303,2808,86
COOL,169,49,303,2808,86
COOL,169,49,302,2184,86
COOL,169,49,301,2808,86
COOL,169,49,302,2184,86
COOL,169,50,302,2808,86
COOL,169,49,302,2184,86
COOL,169,49,302,2808,86
COOL,169,49,301,2808,86
COOL,169,49,301,2808,86
COOL,169,49,301,2808,86
COOL,169,49,300,2808,86
COOL,168,49,300,2808,86
COOL,169,49,300,2808,86
COOL,170,48,300,2808,86
COOL,169,49,300,2808,86
COOL,170,49,299,2808,86
COOL,169,50,299,2808,86
COOL,170,49,299,2808,86
COOL,169,49,298,2808,86
COOL,170,50,298,2808,86
COOL,170,49,299,2808,86
COOL,169,49,297,2808,86
COOL,169,49,297,2808,86
COOL,170,49,297,2808,86
COOL,170,49,297,2808,86
COOL,170,49,296,2808,86
COOL,169,49,296,2808,86
COOL,170,48,297,2808,86
COOL,170,50,295,2808,86
COOL,170,48,296,2808,86
COOL,170,49,295,2808,86
COOL,170,49,295,2184,86
COOL,170,49,295,2808,86
COOL,170,49,294,2808,86
COOL,169,49,295,2808,86
COOL,170,49,294,2808,86
COOL,169,49,293,2184,86
COOL,169,49,294,2808,86
COOL,170,49,293,2184,86
COOL,169,50,293,2808,86
COOL,169,49,293,2808,86
COOL,170,50,292,2808,86
COOL,170,48,293,2808,86
COOL,169,48,293,2808,86
COOL,169,49,292,2808,86
COOL,169,49,293,2808,86
COOL,168,49,292,2808,86
COOL,169,49,292,2808,86
COOL,170,48,291,2808,86
COOL,168,49,291,2808,86
COOL,170,49,290,2808,86
COOL,170,49,290,2808,86
COOL,169,49,289,2808,86
COOL,169,48,290,2808,86
COOL,169,49,290,2808,86
COOL,169,49,290,2808,86
COOL,169,49,289,2808,86
COOL,169,49,289,2808,86
COOL,170,49,289,2808,86
COOL,169,49,289,2808,86
COOL,169,49,288,2808,86
COOL,169,49,288,2808,86
COOL,169,49,288,2808,86
COOL,169,49,288,2184,86
COOL,169,49,287,2808,86
COOL,169,49,287,2184,86
COOL,169,49,287,2808,86
COOL,169,49,287,2808,86
COOL,168,48,286,2808,86
COOL,169,49,287,2808,86
COOL,169,49,286,2808,86
COOL,169,49,284,2808,86
COOL,168,49,285,2808,86
COOL,168,49,286,2808,86
COOL,169,49,286,2808,86
COOL,169,49,285,2808,86
COOL,169,48,284,2808,86
COOL,169,49,284,2808,86
COOL,168,49,284,2808,86
COOL,169,49,284,2184,86
COOL,169,49,284,2808,86
COOL,169,49,284,2808,86
COOL,169,49,284,2808,86
COOL,169,48,283,2808,86
COOL,169,48,282,2184,86
COOL,168,48,283,2808,86
COOL,169,49,283,2808,86
COOL,169,49,282,2808,86
COOL,169,49,282,2808,86
COOL,169,50,282,2184,86
COOL,169,49,282,2808,86
COOL,169,48,281,2184,86
COOL,169,49,282,2808,86
COOL,169,49,280,2808,86
COOL,169,49,281,2184,86
COOL,169,49,281,2808,86
COOL,169,49,280,2808,86
COOL,170,49,279,2808,86
COOL,169,49,279,2808,86
COOL,168,49,279,2184,86
COOL,169,49,280,2808,86
COOL,168,49,280,2808,86
COOL,169,49,279,2808,86
COOL,167,49,279,2808,86
COOL,167,49,279,2184,86
COOL,169,49,279,2808,86
COOL,169,49,279,2184,86
COOL,169,49,278,2808,86
COOL,169,48,278,2184,86
COOL,169,49,279,2808,86
COOL,170,49,278,2808,86
COOL,168,48,278,2808,86
COOL,170,49,277,2808,86
COOL,169,49,278,2808,86
COOL,169,49,276,2808,86
COOL,167,49,277,2808,86
COOL,169,49,277,2808,86
COOL,169,50,277,2184,86
COOL,168,48,276,2808,86
COOL,169,49,275,2184,86
COOL,169,50,275,2808,86
COOL,169,49,275,2184,86
COOL,169,49,275,2808,86
COOL,169,48,275,2808,86
COOL,168,49,275,2808,86
COOL,169,49,275,2808,86
COOL,168,49,275,2808,86
COOL,168,49,275,2808,86
COOL,168,49,275,2808,86
COOL,168,49,274,2808,86
COOL,169,49,274,2808,86
COOL,168,49,274,2808,86
COOL,168,49,274,2808,86
COOL,168,49,273,2808,86
COOL,168,48,273,2808,86
COOL,168,49,272,2184,86
COOL,168,49,272,2808,86
COOL,168,49,272,2808,86
COOL,168,49,273,2808,86
COOL,167,49,271,2808,86
COOL,168,50,272,2184,86
COOL,168,49,272,2808,86
COOL,168,50,271,2808,86
COOL,168,49,271,2184,86
COOL,168,48,271,2808,86
COOL,168,49,270,2808,86
COOL,168,49,271,2808,86
COOL,168,49,270,2808,86
COOL,168,49,270,2184,86
COOL,168,49,270,2808,86
COOL,168,50,269,2808,86
COOL,168,50,269,2808,86
COOL,168,49,270,2808,86
COOL,167,49,270,2808,86
COOL,168,50,270,2184,86
COOL,168,49,269,2808,86
COOL,168,49,269,2808,86
COOL,168,49,269,2808,86
COOL,168,49,268,2808,86
COOL,168,48,268,2184,86
COOL,167,49,268,2808,86
COOL,168,49,268,2808,86
COOL,168,48,267,2808,86
COOL,167,49,268,2808,86
COOL,168,49,267,2184,86
COOL,167,49,267,2808,86
COOL,167,49,267,2808,86
COOL,167,49,267,2184,86
COOL,167,50,266,2808,86
COOL,167,49,266,2808,86
COOL,168,49,266,2808,86
COOL,167,49,265,2808,86
COOL,168,49,266,2808,86
COOL,168,49,266,2808,86
COOL,167,49,266,2808,86
COOL,167,49,266,2808,86
COOL,167,49,265,2808,86
COOL,167,48,264,2184,86
COOL,167,50,265,2808,86
COOL,168,50,264,2808,86
COOL,167,48,264,2808,86
COOL,167,48,264,2808,86
COOL,167,49,265,2808,86
COOL,168,49,264,2808,86
COOL,167,49,263,2808,86
COOL,167,49,263,2808,86
COOL,167,49,263,2808,86
COOL,167,49,262,3432,86
COOL,167,49,263,2808,86
COOL,168,49,261,2808,86
COOL,168,49,261,3432,86
COOL,167,49,261,2808,86
COOL,167,49,260,2808,86
COOL,167,49,260,2808,86
COOL,168,49,259,2808,86
COOL,167,49,259,2808,86
COOL,167,49,258,2808,86
COOL,168,49,258,3432,86
COOL,168,49,257,2808,86
COOL,168,50,256,2808,86
COOL,167,49,256,2808,86
COOL,168,49,256,2808,86
COOL,168,49,255,2808,86
COOL,168,49,254,2808,86
COOL,167,49,253,2808,86
COOL,167,49,252,2808,86
COOL,167,49,252,2808,86
COOL,168,49,250,2808,86
COOL,167,49,251,2808,86
COOL,168,49,249,2808,86
PASS,168,49,249,2808,0
PASS,167,49,248,2808,0
PASS,167,49,248,2808,0
PASS,167,50,247,2184,0
PASS,168,49,246,2184,0
PASS,167,49,245,1560,0
PASS,167,49,245,1560,0
PASS,167,49,244,1560,0
PASS,167,49,243,1560,0
PASS,167,49,243,1560,0
PASS,167,49,242,936,0
PASS,168,49,242,936,0
PASS,167,49,242,936,0
PASS,167,49,241,936,0
PASS,167,49,241,936,0
PASS,167,49,240,312,0
PASS,168,49,240,936,0
PASS,167,49,240,936,0
PASS,167,49,240,312,0
PASS,168,49,239,312,0
PASS,167,50,239,312,0
PASS,168,49,239,0,0
PASS,167,49,238,312,0
PASS,168,49,239,0,0
PASS,167,49,238,312,0
PASS,167,50,239,312,0
PASS,167,49,239,312,0
PASS,167,49,238,0,0
PASS,167,50,239,0,0
PASS,167,50,238,0,0
PASS,167,50,238,0,0
PASS,166,50,239,0,0
PASS,167,49,239,0,0
PASS,166,49,239,0,0
PASS,167,50,239,0,0
PASS,167,49,239,0,0
PASS,167,50,239,0,0
PASS,167,49,239,0,0
PASS,167,49,239,0,0
PASS,167,49,239,0,0
PASS,167,49,240,0,0
PASS,167,49,240,0,0
PASS,167,49,241,0,0
PASS,166,49,240,0,0
PASS,166,49,240,0,0
PASS,167,49,241,0,0
PASS,167,49,240,0,0
PASS,166,49,242,0,0
PASS,167,49,241,0,0
PASS,167,49,242,0,0
PASS,167,49,241,0,0
PASS,167,49,243,0,0
PASS,167,49,243,0,0
PASS,167,49,242,0,0
PASS,167,49,243,0,0
PASS,166,49,244,0,0
PASS,167,49,244,0,0
PASS,166,49,244,0,0
PASS,166,49,245,0,0
PASS,167,49,245,0,0
PASS,167,49,245,0,0
PASS,167,49,246,0,0
PASS,167,50,247,0,0
PASS,166,49,246,0,0
PASS,167,49,246,0,0
PASS,166,49,247,0,0
PASS,167,49,247,0,0
PASS,167,49,248,0,0
PASS,165,49,248,0,0
PASS,166,49,248,0,0
PASS,166,49,249,0,0
PASS,166,49,248,0,0
PASS,167,49,250,0,0
PASS,167,49,249,0,0
PASS,165,49,250,0,0
PASS,166,49,251,0,0
PASS,167,49,251,0,0
PASS,167,49,251,0,0
PASS,167,49,252,0,0
PASS,167,49,252,0,0
PASS,166,49,252,0,0
PASS,166,49,252,0,0
PASS,167,50,253,0,0
PASS,166,49,253,0,0
PASS,167,49,253,0,0
PASS,167,49,253,0,0
PASS,167,49,254,0,0
PASS,167,49,254,0,0
PASS,167,49,256,0,0
PASS,167,49,255,0,0
PASS,166,49,255,0,0
PASS,167,49,256,0,0
PASS,166,49,256,0,0
PASS,167,49,257,0,0
PASS,166,49,257,0,0
PASS,167,49,257,0,0
PASS,167,49,258,0,0
PASS,166,49,257,0,0
PASS,167,49,258,0,0
PASS,167,49,260,0,0
PASS,167,49,258,0,0
PASS,167,49,260,0,0
PASS,166,49,260,0,0
PASS,166,49,260,0,0
PASS,166,49,261,0,0
PASS,166,49,261,0,0
PASS,167,49,261,0,0
PASS,165,49,261,0,0
PASS,166,49,262,0,0
PASS,167,49,262,0,0
PASS,166,49,263,0,0
PASS,167,49,263,0,0
PASS,166,49,263,0,0
PASS,165,49,264,0,0
PASS,165,49,265,0,0
PASS,167,49,265,0,0
PASS,166,49,265,0,0
PASS,166,49,266,0,0
PASS,166,49,266,0,0
PASS,166,49,265,0,0
PASS,166,49,265,0,0
PASS,165,49,266,0,0
PASS,166,49,267,0,0
PASS,165,49,267,0,0
PASS,165,49,268,0,0
PASS,166,49,268,0,0
PASS,166,49,267,0,0
PASS,165,49,268,0,0
PASS,165,49,269,0,0
PASS,166,49,269,0,0
PASS,166,49,269,0,0
PASS,166,49,269,0,0
PASS,166,49,270,0,0
PASS,166,49,271,0,0
PASS,165,49,270,0,0
PASS,165,49,271,0,0
PASS,165,49,271,0,0
PASS,166,49,272,0,0
PASS,165,49,273,0,0
PASS,166,49,271,0,0
PASS,164,49,273,0,0
PASS,164,49,274,0,0
PASS,165,49,273,0,0
PASS,165,49,273,0,0
PASS,165,49,273,0,0
PASS,165,49,275,0,0
PASS,166,49,275,0,0
PASS,165,49,275,0,0
PASS,165,49,275,0,0
PASS,165,49,275,0,0
PASS,165,49,276,0,0
PASS,165,49,277,0,0
PASS,164,49,277,0,0
PASS,164,49,277,0,0
PASS,165,49,277,0,0
PASS,164,49,278,0,0
PASS,164,49,279,0,0
PASS,165,49,279,0,0
PASS,165,49,278,0,0
PASS,164,49,279,0,0
PASS,165,49,279,0,0
PASS,165,49,280,0,0
PASS,165,49,279,0,0
PASS,164,49,280,0,0
PASS,165,49,280,0,0
PASS,165,49,281,0,0
PASS,164,49,281,0,0
PASS,164,49,282,0,0
PASS,164,49,281,0,0
PASS,165,49,283,0,0
PASS,164,49,282,0,0
PASS,164,49,282,0,0
PASS,165,49,283,0,0
PASS,164,49,283,0,0
PASS,165,49,284,0,0
PASS,165,49,284,0,0
PASS,164,49,284,0,0
PASS,164,49,284,0,0
PASS,164,49,285,0,0
PASS,165,49,285,0,0
PASS,165,49,285,0,0
PASS,165,49,286,0,0
PASS,164,49,285,0,0
PASS,164,49,286,0,0
PASS,165,49,287,0,0
PASS,163,49,287,0,0
PASS,164,49,287,0,0
PASS,164,49,288,0,0
PASS,163,49,288,0,0
PASS,164,49,288,0,0
PASS,164,49,288,0,0
PASS,163,49,289,0,0
PASS,163,49,288,0,0
PASS,164,49,289,0,0
PASS,164,49,289,0,0
PASS,164,49,289,0,0
PASS,164,49,291,0,0
PASS,164,49,291,0,0
PASS,164,48,290,0,0
PASS,164,49,290,0,0
PASS,163,49,291,0,0
PASS,163,49,290,0,0
PASS,164,49,292,0,0
PASS,164,49,292,0,0
PASS,164,49,292,0,0
PASS,164,49,293,0,0
PASS,163,49,293,0,0
PASS,163,49,293,0,0
PASS,164,49,293,0,0
PASS,164,49,292,0,0
PASS,164,49,294,0,0
PASS,164,49,294,0,0
PASS,164,49,294,0,0
PASS,163,49,295,0,0
PASS,162,49,295,0,0
PASS,164,49,295,0,0
PASS,163,49,294,0,0
PASS,164,49,296,0,0
PASS,163,49,297,0,0
PASS,163,49,297,0,0
PASS,164,49,297,0,0
PASS,163,49,296,0,0
PASS,164,49,296,0,0
PASS,163,49,297,0,0
PASS,163,49,297,0,0
PASS,162,49,298,0,0
PASS,164,49,297,0,0
PASS,163,49,298,0,0
PASS,163,49,299,0,0
PASS,163,49,298,0,0
PASS,163,49,299,0,0
PASS,163,49,299,0,0
PASS,163,49,299,0,0
PASS,162,49,300,0,0
PASS,163,49,300,0,0
PASS,163,49,300,0,0
PASS,163,49,300,0,0
PASS,163,49,301,0,0
PASS,163,49,302,0,0
PASS,163,49,301,0,0
PASS,163,49,302,0,0
PASS,162,49,302,0,0
PASS,162,49,301,0,0
PASS,163,49,302,0,0
PASS,163,49,302,0,0
PASS,163,49,302,0,0
PASS,163,49,303,0,0
PASS,162,49,303,0,0
PASS,163,49,302,0,0
PASS,163,49,304,0,0
PASS,163,49,303,0,0
PASS,163,49,304,0,0
PASS,162,49,304,0,0
PASS,163,49,304,0,0
PASS,163,49,304,0,0
PASS,163,49,304,0,0
PASS,162,49,305,0,0
PASS,162,49,306,0,0
PASS,162,49,305,0,0
PASS,162,49,305,0,0
PASS,163,49,306,0,0
PASS,162,49,306,0,0
PASS,162,49,306,0,0
PASS,162,49,306,0,0
PASS,162,48,306,0,0
PASS,162,49,306,0,0
PASS,162,49,307,0,0
PASS,162,49,306,0,0
PASS,162,49,307,0,0
PASS,162,49,307,0,0
PASS,162,49,308,0,0
PASS,162,49,308,0,0
PASS,162,49,308,0,0
PASS,162,49,308,0,0
PASS,162,49,309,0,0
PASS,162,49,309,0,0
PASS,162,49,309,0,0
PASS,161,49,309,0,0
PASS,162,49,310,0,0
PASS,162,49,309,0,0
PASS,162,49,310,0,0
PASS,162,49,309,0,0
PASS,162,49,309,0,0
PASS,162,49,310,0,0
PASS,162,49,311,0,0
PASS,161,49,310,0,0
PASS,162,49,310,0,0
PASS,162,49,311,0,0
PASS,162,49,311,0,0
PASS,162,49,311,0,0
PASS,162,49,312,0,0
PASS,161,48,311,0,0
PASS,162,49,311,0,0
PASS,161,49,312,0,0
PASS,162,49,312,0,0
PASS,162,49,312,0,0
PASS,162,49,313,0,0
PASS,162,49,313,0,0
PASS,162,49,314,0,0
PASS,160,49,313,0,0
PASS,161,49,313,0,0
PASS,162,49,313,0,0
PASS,161,49,314,0,0
PASS,162,49,313,0,0
PASS,162,49,314,0,0
PASS,161,49,314,0,0
PASS,161,49,314,0,0
PASS,162,49,315,0,0
PASS,162,49,315,0,0
PASS,162,49,315,0,0
PASS,161,49,315,0,0
PASS,162,49,315,0,0
PASS,162,49,315,0,0
PASS,162,49,316,0,0
PASS,161,49,316,0,0
PASS,161,49,316,0,0
PASS,162,49,315,0,0
PASS,161,49,317,0,0
PASS,160,49,316,0,0
PASS,162,49,316,0,0
PASS,161,49,317,0,0
PASS,162,49,317,0,0
PASS,162,49,317,0,0
PASS,161,49,317,0,0
PASS,161,49,318,0,0
PASS,160,49,317,0,0
PASS,162,49,317,0,0
PASS,161,49,318,0,0
PASS,162,49,318,0,0
PASS,161,49,319,0,0
PASS,161,49,319,0,0
PASS,162,49,317,0,0
PASS,160,49,319,0,0
PASS,161,49,318,0,0
PASS,160,49,319,0,0
PASS,160,49,319,0,0
PASS,161,49,320,0,0
PASS,161,49,320,0,0
PASS,160,49,320,0,0
PASS,160,49,320,0,0
PASS,162,49,320,0,0
PASS,160,49,320,0,0
PASS,161,49,320,0,0
PASS,160,49,320,0,0
PASS,160,49,320,0,0
PASS,160,49,321,0,0
PASS,161,49,320,0,0
PASS,160,49,321,0,0
PASS,161,49,321,0,0
PASS,160,49,321,0,0
PASS,160,49,321,0,0
PASS,160,49,320,0,0
PASS,161,49,321,0,0
PASS,160,48,321,0,0
PASS,160,49,322,0,0
PASS,160,49,322,0,0
PASS,160,49,322,0,0
PASS,160,49,322,0,0
PASS,160,49,322,0,0
PASS,160,49,322,0,0
PASS,160,49,323,0,0
PASS,160,49,323,0,0
PASS,161,49,323,0,0
PASS,161,49,322,0,0
PASS,160,49,324,0,0
PASS,160,49,321,0,0
PASS,160,49,324,0,0
PASS,159,49,322,0,0
PASS,160,49,324,0,0
PASS,160,49,324,0,0
PASS,160,49,323,0,0
PASS,160,49,324,0,0
PASS,159,49,324,0,0
PASS,160,49,324,0,0
PASS,160,49,324,0,0
PASS,159,49,324,0,0
PASS,159,49,325,0,0
PASS,159,49,324,0,0
PASS,160,49,325,0,0
PASS,160,49,324,0,0
PASS,159,49,325,0,0
PASS,160,49,324,0,0
PASS,159,49,325,0,0
PASS,160,49,324,0,0
PASS,159,48,326,0,0
PASS,160,49,325,0,0
PASS,160,49,325,0,0
PASS,160,49,326,0,0
PASS,161,49,326,0,0
PASS,161,49,326,0,0
PASS,160,49,326,0,0
PASS,160,49,327,0,0
PASS,160,49,326,0,0
PASS,159,49,326,0,0
PASS,159,49,326,0,0
PASS,159,49,326,0,0
PASS,160,49,327,0,0
PASS,159,49,327,0,0
PASS,159,49,326,0,0
PASS,160,49,327,0,0
PASS,160,49,328,0,0
PASS,159,49,327,0,0
PASS,159,49,327,0,0
PASS,160,49,327,0,0
PASS,160,49,328,0,0
PASS,159,49,328,0,0
PASS,159,49,328,0,0
PASS,159,49,328,0,0
PASS,159,49,328,0,0
PASS,159,49,327,0,0
PASS,160,49,329,0,0
PASS,159,49,328,0,0
PASS,160,49,328,0,0
PASS,160,49,329,0,0
PASS,160,49,329,0,0
PASS,159,48,328,0,0
PASS,160,49,329,0,0
PASS,159,49,329,0,0
PASS,158,49,329,0,0
PASS,159,49,329,0,0
PASS,160,49,329,0,0
PASS,160,49,328,0,0
PASS,159,49,329,0,0
PASS,159,49,329,0,0
PASS,160,49,329,0,0
PASS,159,49,330,0,0
PASS,159,49,329,0,0
PASS,159,49,330,0,0
PASS,160,49,329,0,0
PASS,159,49,330,0,0
PASS,158,49,330,0,0
PASS,159,49,329,0,0
PASS,159,49,329,0,0
PASS,159,49,330,0,0
PASS,159,49,331,0,0
PASS,159,49,331,0,0
PASS,160,49,330,0,0
PASS,159,49,331,0,0
PASS,158,49,331,0,0
PASS,159,49,330,0,0
PASS,159,49,331,0,0
PASS,159,49,330,0,0
PASS,159,49,331,0,0
PASS,159,49,331,0,0
PASS,158,49,331,0,0
PASS,159,49,332,0,0
PASS,159,48,332,0,0
PASS,159,49,331,0,0
PASS,159,49,331,0,0
PASS,158,49,331,0,0
PASS,159,49,332,0,0
PASS,159,49,331,0,0
PASS,158,49,332,0,0
PASS,159,49,331,0,0
PASS,159,49,331,0,0
PASS,159,49,332,0,0
PASS,159,49,332,0,0
PASS,159,49,333,0,0
PASS,158,49,331,0,0
PASS,158,49,332,0,0
PASS,158,49,332,0,0
PASS,159,49,332,0,0
PASS,159,49,332,0,0
PASS,159,49,333,0,0
PASS,158,49,333,0,0
PASS,159,49,333,0,0
PASS,159,49,333,0,0
PASS,158,49,333,0,0
PASS,159,49,333,0,0
PASS,159,49,333,0,0
PASS,158,49,333,0,0
PASS,158,49,333,0,0
PASS,158,49,334,0,0
PASS,158,49,333,0,0
PASS,158,49,334,0,0
PASS,157,49,333,0,0
PASS,158,49,333,0,0
PASS,159,48,333,0,0
PASS,158,49,334,0,0
PASS,158,49,334,0,0
PASS,158,49,333,0,0
PASS,158,49,334,0,0
PASS,158,49,333,0,0
PASS,158,49,334,0,0
PASS,158,49,334,0,0
PASS,158,49,334,0,0
PASS,158,49,334,0,0
PASS,158,49,334,0,0
PASS,158,49,335,0,0
PASS,158,49,334,0,0
PASS,158,49,334,0,0
PASS,158,49,334,0,0
PASS,158,49,334,0,0
PASS,158,49,334,0,0
PASS,158,49,334,0,0
PASS,158,49,334,0,0
PASS,158,49,335,0,0
PASS,157,49,334,0,0
PASS,158,49,335,0,0
PASS,158,49,335,0,0
PASS,159,49,335,0,0
PASS,158,49,335,0,0
PASS,158,49,335,0,0
PASS,158,49,335,0,0
PASS,158,49,335,0,0
PASS,157,49,334,0,0
PASS,158,49,336,0,0
PASS,158,49,336,0,0
PASS,158,49,336,0,0
PASS,158,49,336,0,0
PASS,158,49,335,0,0
,,,,,
PASS,195,49,180,0,0
PASS,196,72,180,0,0
PASS,196,68,180,0,0
PASS,197,65,180,0,0
PASS,197,62,180,0,0
PASS,196,59,180,0,0
PASS,197,56,180,0,0
PASS,197,53,180,0,0
PASS,196,52,180,0,0
PASS,196,52,180,0,0
PASS,196,52,180,0,0
PASS,197,52,180,0,0
PASS,197,52,180,0,0
PASS,197,52,180,0,0
PASS,197,52,180,0,0
PASS,196,52,180,0,0
PASS,196,53,180,0,0
PASS,196,52,180,0,0
PASS,196,52,180,0,0
PASS,196,53,180,0,0
PASS,197,53,180,0,0
PASS,196,52,180,0,0
PASS,195,52,180,0,0
PASS,196,53,180,0,0
PASS,195,52,180,0,0
PASS,195,52,180,0,0
PASS,195,52,180,0,0
PASS,195,52,180,0,0
PASS,194,52,180,0,0
PASS,195,52,180,0,0
PASS,194,52,180,0,0
PASS,193,52,180,0,0
PASS,194,52,180,0,0
PASS,193,52,180,0,0
PASS,192,52,180,0,0
PASS,192,53,179,0,0
PASS,192,53,179,0,0
PASS,191,52,180,0,0
PASS,191,51,180,0,0
PASS,190,51,180,0,0
PASS,190,52,178,0,0
PASS,190,52,179,0,0
PASS,189,52,179,0,0
PASS,189,52,180,0,0
PASS,188,52,180,0,0
PASS,189,52,180,0,0
PASS,187,52,180,0,0
PASS,187,52,180,0,0
PASS,185,52,180,0,0
PASS,186,52,180,0,0
PASS,185,52,180,0,0
PASS,185,52,178,0,0
PASS,183,52,179,0,0
PASS,183,52,179,0,0
PASS,182,52,180,0,0
PASS,182,51,180,0,0
PASS,181,52,179,312,0
PASS,181,52,180,0,0
PASS,180,53,179,0,0
PASS,180,52,180,0,0
PASS,179,52,179,0,0
PASS,178,52,179,0,0
PASS,178,52,180,0,0
PASS,177,52,178,0,0
PASS,176,52,180,0,0
PASS,177,52,180,0,0
PASS,176,52,179,0,0
PASS,176,52,180,0,0
PASS,175,52,180,0,0
PASS,173,52,180,0,0
PASS,172,52,180,0,0
PASS,172,52,180,0,0
PASS,171,52,179,0,0
PASS,171,51,180,0,0
PASS,171,52,180,0,0
PASS,170,52,180,0,0
PASS,169,51,180,0,0
PASS,169,52,179,0,0
PASS,168,52,179,0,0
PASS,167,52,179,0,0
PASS,167,52,180,0,0
PASS,166,52,180,0,0
PASS,166,52,180,0,0
PASS,165,52,180,0,0
PASS,164,52,180,0,0
PASS,164,52,179,0,0
PASS,162,52,180,0,0
PASS,162,52,180,0,0
PASS,162,51,180,0,0
PASS,162,52,180,0,0
PASS,161,52,179,0,0
PASS,161,52,179,0,0
PASS,160,52,180,0,0
PASS,159,52,179,0,0
PASS,158,52,180,0,0
PASS,158,51,179,0,0
PASS,157,51,180,0,0
PASS,157,51,179,0,0
PASS,157,51,179,0,0
PASS,156,52,180,0,0
PASS,155,52,180,0,0
PASS,155,51,180,0,0
PASS,154,52,180,0,0
PASS,153,52,180,0,0
PASS,153,52,179,0,0
PASS,153,52,179,0,0
PASS,151,52,179,0,0
PASS,151,51,179,0,0
PASS,151,52,179,0,0
PASS,150,51,178,0,0
PASS,151,51,180,0,0
PASS,149,51,179,0,0
PASS,149,51,180,0,0
PASS,149,51,179,0,0
PASS,148,51,180,0,0
PASS,147,51,180,0,0
PASS,147,51,179,0,0
PASS,147,51,180,0,0
PASS,146,51,179,0,0
PASS,146,51,180,0,0
PASS,145,51,180,0,0
PASS,144,51,180,0,0
PASS,145,50,180,0,0
PASS,143,51,180,0,0
PASS,144,51,180,0,0
PASS,143,51,180,0,0
PASS,144,51,179,0,0
PASS,142,51,178,0,0
PASS,142,51,179,0,0
PASS,141,50,179,0,0
PASS,141,51,179,0,0
PASS,141,51,179,0,0
PASS,141,51,180,0,0
PASS,141,51,179,0,0
PASS,140,51,180,0,0
PASS,140,51,179,0,0
PASS,140,51,179,312,0
PASS,140,51,180,0,0
PASS,139,51,179,0,0
PASS,139,51,180,0,0
PASS,138,51,179,0,0
PASS,138,51,179,0,0
PASS,138,50,180,0,0
PASS,137,51,179,0,0
PASS,138,51,180,0,0
PASS,136,51,179,0,0
PASS,137,51,179,0,0
PASS,137,51,180,0,0
PASS,137,50,179,0,0
PASS,136,50,179,0,0
PASS,135,50,179,0,0
PASS,136,51,179,0,0
PASS,136,50,179,0,0
PASS,134,50,179,0,0
PASS,135,51,179,312,0
PASS,134,50,179,0,0
PASS,133,50,179,312,0
PASS,135,50,178,312,0
PASS,135,50,179,312,0
PASS,134,50,179,312,0
PASS,134,50,178,312,0
PASS,133,50,176,312,0
PASS,133,50,176,312,0
PASS,134,50,176,312,0
PASS,134,50,176,312,0
PASS,134,50,175,936,0
PASS,133,50,174,312,0
PASS,133,49,175,312,0
PASS,133,50,174,312,0
PASS,132,50,174,936,0
PASS,133,50,172,312,0
PASS,132,50,171,312,0
PASS,132,50,171,312,0
PASS,132,50,171,936,0
PASS,131,50,170,312,0
PASS,131,50,169,312,0
PASS,132,49,169,312,0
PASS,132,49,168,312,0
PASS,131,50,168,312,0
PASS,132,50,167,312,0
PASS,131,50,167,936,0
PASS,131,50,166,936,0
PASS,132,50,165,936,0
PASS,131,50,164,936,0
PASS,131,50,164,936,0
PASS,131,50,164,936,0
PASS,131,50,162,936,0
PASS,131,50,162,936,0
PASS,131,50,162,936,0
PASS,131,50,160,936,0
PASS,131,50,159,936,0
PASS,130,49,160,936,0
PASS,131,50,159,936,0
PASS,130,50,158,936,0
PASS,131,49,158,312,0
PASS,131,49,156,936,0
PASS,131,50,156,936,0
PASS,130,50,155,936,0
PASS,130,50,155,312,0
PASS,131,50,155,312,0
PASS,131,50,154,312,0
PASS,131,50,153,936,0
PASS,130,50,153,936,0
PASS,130,50,152,312,0
PASS,131,50,151,312,0
PASS,130,50,152,312,0
PASS,130,50,151,312,0
PASS,131,49,149,312,0
PASS,131,50,149,312,0
PASS,131,50,149,312,0
PASS,131,49,148,312,0
PASS,131,50,148,312,0
PASS,131,50,148,312,0
PASS,131,50,147,936,0
PASS,131,50,146,936,0
PASS,130,50,147,936,0
PASS,131,50,146,936,0
PASS,131,49,145,936,0
PASS,131,50,145,936,0
PASS,130,49,144,312,0
PASS,131,49,144,312,0
PASS,131,49,144,936,0
PASS,131,49,144,936,0
PASS,131,49,143,312,0
PASS,131,49,142,312,0
PASS,130,49,143,312,0
PASS,132,50,142,312,0
PASS,130,50,141,312,0
PASS,131,49,141,936,0
PASS,131,49,141,936,0
PASS,131,50,139,312,0
PASS,131,49,140,312,0
PASS,131,49,139,312,0
PASS,131,49,139,312,0
PASS,130,49,139,936,0
PASS,131,49,139,936,0
PASS,131,49,137,312,0
PASS,130,49,138,312,0
PASS,131,49,137,312,0
PASS,131,49,136,312,0
PASS,131,49,135,936,0
PASS,131,49,136,312,0
PASS,131,49,136,312,0
PASS,131,49,134,936,0
PASS,131,49,135,312,0
PASS,131,49,134,936,0
PASS,131,49,135,312,0
PASS,130,49,135,312,0
PASS,131,49,134,936,0
PASS,131,49,134,936,0
PASS,131,49,132,936,0
PASS,131,49,133,936,0
PASS,131,49,133,312,0
PASS,131,48,132,312,0
PASS,131,49,131,936,0
PASS,131,49,131,936,0
PASS,131,49,131,936,0
PASS,130,49,131,936,0
PASS,131,49,130,312,0
PASS,131,49,130,312,0
PASS,132,49,130,936,0
PASS,131,49,130,936,0
PASS,131,48,130,312,0
PASS,131,49,130,936,0
PASS,132,48,130,312,0
PASS,131,48,130,312,0
PASS,131,48,128,936,0
PASS,131,49,128,936,0
PASS,131,48,129,312,0
PASS,131,48,128,936,0
PASS,132,49,128,936,0
PASS,131,48,127,312,0
PASS,131,49,128,312,0
PASS,132,49,127,312,0
PASS,131,48,126,936,0
PASS,132,48,127,312,0
PASS,131,48,127,312,0
PASS,131,48,126,936,0
PASS,131,49,126,312,0
PASS,132,48,126,936,0
PASS,132,49,126,312,0
PASS,132,48,125,312,0
PASS,132,49,126,936,0
PASS,132,48,125,312,0
PASS,132,48,125,936,0
PASS,131,49,125,312,0
PASS,132,49,125,936,0
PASS,131,49,125,312,0
PASS,131,48,124,936,0
PASS,131,49,124,312,0
PASS,132,49,123,936,0
PASS,131,48,124,312,0
PASS,132,48,123,936,0
PASS,132,48,123,936,0
PASS,132,49,123,936,0
PASS,132,49,123,312,0
PASS,132,48,123,936,0
PASS,132,48,123,312,0
PASS,132,48,122,936,0
PASS,132,48,122,312,0
PASS,131,48,122,312,0
PASS,132,48,122,312,0
PASS,132,48,122,936,0
PASS,132,49,122,312,0
PASS,132,48,122,936,0
PASS,132,48,122,312,0
PASS,132,48,122,936,0
PASS,132,48,122,312,0
PASS,133,48,121,936,0
PASS,132,48,121,936,0
PASS,132,48,121,312,0
PASS,132,48,121,936,0
PASS,132,48,122,312,0
PASS,131,48,119,936,0
PASS,131,48,121,936,0
PASS,133,48,121,312,0
PASS,132,48,120,312,0
PASS,133,48,119,936,0
PASS,132,48,120,936,0
PASS,132,48,120,312,0
PASS,132,48,120,312,0
PASS,133,48,119,936,0
PASS,132,48,119,312,0
PASS,132,48,118,936,0
PASS,132,48,119,936,0
PASS,132,48,119,312,0
PASS,132,49,119,936,0
PASS,132,48,119,936,0
PASS,133,48,118,312,0
PASS,131,48,118,936,0
PASS,131,48,118,936,0
PASS,133,49,118,312,0
PASS,133,49,118,936,0
PASS,132,49,117,936,0
PASS,132,48,118,312,0
PASS,131,49,117,936,0
PASS,132,48,117,312,0
PASS,133,49,118,936,0
PASS,132,48,118,312,0
PASS,132,48,117,936,0
PASS,132,48,117,312,0
PASS,133,48,117,936,0
PASS,133,48,117,312,0
PASS,133,48,116,936,0
PASS,133,48,117,312,0
PASS,132,48,117,936,0
PASS,133,48,117,312,0
PASS,132,48,116,936,0
PASS,133,48,116,312,0
PASS,133,48,117,936,0
PASS,133,48,115,312,0
PASS,132,48,115,312,0
PASS,133,48,116,312,0
PASS,133,48,116,936,0
PASS,133,48,116,312,0
PASS,133,48,115,936,0
PASS,132,48,116,936,0
PASS,132,48,114,936,0
PASS,133,48,116,312,0
PASS,132,48,116,312,0
PASS,133,48,115,312,0
PASS,133,48,116,936,0
PASS,133,48,116,936,0
PASS,133,48,115,936,0
PASS,132,48,115,936,0
PASS,134,48,115,936,0
PASS,133,48,114,312,0
PASS,133,49,115,312,0
PASS,132,48,115,312,0
PASS,134,48,115,312,0
PASS,133,49,115,312,0
PASS,133,49,115,312,0
PASS,133,48,115,312,0
PASS,133,49,115,936,0
PASS,134,49,114,936,0
PASS,133,48,115,936,0
PASS,133,49,114,936,0
PASS,133,49,115,312,0
PASS,132,48,114,312,0
PASS,134,48,115,312,0
PASS,134,48,114,312,0
PASS,133,48,113,312,0
PASS,134,48,114,312,0
PASS,133,48,114,312,0
PASS,133,48,114,936,0
PASS,132,48,113,936,0
PASS,134,48,113,936,0
PASS,133,49,114,936,0
PASS,133,48,113,936,0
PASS,133,48,113,312,0
PASS,134,49,113,312,0
PASS,133,48,114,312,0
PASS,134,49,113,312,0
PASS,134,49,113,312,0
PASS,133,48,114,312,0
PASS,134,48,113,312,0
PASS,134,48,113,312,0
PASS,133,48,113,312,0
PASS,133,48,113,312,0
PASS,133,48,113,312,0
PASS,134,48,113,312,0
PASS,134,49,113,312,0
PASS,134,48,113,936,0
PASS,134,48,113,312,0
PASS,134,48,113,312,0
PASS,135,48,113,312,0
PASS,135,48,111,936,0
PASS,135,48,112,312,0
PASS,135,49,113,312,0
PASS,134,48,112,936,0
PASS,135,49,113,312,0
PASS,135,48,112,312,0
PASS,135,48,113,936,0
PASS,135,48,112,312,0
PASS,135,48,113,312,0
PASS,135,48,112,936,0
PASS,135,48,112,312,0
PASS,135,48,111,312,0
PASS,135,48,112,312,0
PASS,135,49,112,312,0
PASS,135,48,112,312,0
PASS,135,48,111,312,0
PASS,135,48,112,312,0
PASS,135,48,112,312,0
PASS,135,48,111,312,0
PASS,135,48,112,312,0
PASS,135,48,111,312,0
PASS,135,48,111,312,0
PASS,135,48,112,936,0
PASS,136,49,112,312,0
PASS,136,49,112,312,0
PASS,136,49,111,312,0
PASS,136,49,111,312,0
PASS,136,49,111,936,0
PASS,136,48,112,312,0
PASS,136,49,111,312,0
PASS,136,49,110,312,0
PASS,137,48,110,312,0
PASS,136,48,111,312,0
PASS,136,48,110,312,0
PASS,137,48,110,936,0
PASS,137,49,110,312,0
PASS,137,49,111,312,0
PASS,136,49,110,312,0
PASS,137,48,111,312,0
PASS,137,48,110,936,0
PASS,136,49,110,312,0
PASS,136,49,111,312,0
PASS,137,48,110,312,0
PASS,137,49,111,312,0
PASS,137,49,110,312,0
PASS,138,49,110,936,0
PASS,137,49,110,312,0
PASS,137,49,110,312,0
PASS,138,49,110,312,0
PASS,137,49,111,312,0
PASS,138,48,110,312,0
PASS,137,49,110,936,0
PASS,137,48,109,312,0
PASS,139,49,109,936,0
PASS,138,48,110,312,0
PASS,138,49,110,312,0
PASS,138,49,109,312,0
PASS,139,48,109,312,0
PASS,139,48,108,312,0
PASS,139,48,110,312,0
PASS,139,48,109,312,0
PASS,139,48,110,312,0
PASS,139,48,109,312,0
PASS,139,48,109,312,0
PASS,139,49,109,312,0
PASS,139,48,109,312,0
PASS,139,48,109,312,0
PASS,139,48,110,312,0
PASS,139,48,108,312,0
PASS,139,48,109,312,0
PASS,139,48,109,312,0
PASS,138,48,109,312,0
PASS,139,49,110,312,0
PASS,139,48,109,936,0
PASS,138,49,109,312,0
PASS,139,49,109,312,0
PASS,138,48,110,312,0
PASS,139,48,109,312,0
PASS,138,48,109,936,0
PASS,140,48,108,312,0
PASS,139,48,109,936,0
PASS,139,49,108,312,0
PASS,138,49,109,312,0
PASS,139,48,109,936,0
PASS,139,49,109,312,0
PASS,139,48,109,936,0
PASS,138,49,108,936,0
PASS,139,49,109,312,0
PASS,139,48,109,312,0
PASS,139,49,108,312,0
PASS,138,48,108,312,0
PASS,140,48,108,312,0
PASS,139,48,108,312,0
PASS,139,49,108,312,0
PASS,138,49,108,312,0
PASS,138,49,108,312,0
PASS,139,49,108,312,0
PASS,138,49,108,312,0
PASS,138,48,108,312,0
PASS,139,49,108,312,0
PASS,138,47,108,312,0
PASS,138,49,108,312,0
PASS,139,49,108,312,0
PASS,139,49,108,312,0
PASS,138,49,108,312,0
PASS,139,49,108,0,0
PASS,139,49,108,312,0
PASS,139,49,108,312,0
PASS,139,49,106,312,0
PASS,139,49,108,312,0
PASS,139,49,108,312,0
PASS,139,49,108,312,0
PASS,139,49,108,312,0
PASS,139,49,108,936,0
PASS,139,49,108,312,0
PASS,138,49,108,312,0
PASS,139,49,108,312,0
PASS,138,50,108,312,0
PASS,138,50,108,312,0
PASS,139,49,108,312,0
PASS,139,50,108,936,0
PASS,139,50,107,312,0
PASS,138,50,107,312,0
PASS,138,50,107,936,0
PASS,139,50,108,936,0
PASS,139,50,107,312,0
PASS,139,50,107,312,0
PASS,138,50,107,936,0
PASS,138,50,107,312,0
PASS,138,50,107,312,0
PASS,139,50,106,312,0
PASS,138,49,107,312,0
PASS,139,50,105,3432,0
PASS,139,50,106,312,0
PASS,139,50,107,312,0
PASS,139,50,107,312,0
PASS,139,50,106,312,0
PASS,139,50,107,312,0
PASS,139,50,106,0,0
PASS,139,50,107,312,0
PASS,138,50,107,0,0
PASS,139,49,107,0,0
PASS,139,49,107,0,0
PASS,140,49,107,0,0
PASS,139,49,106,0,0
PASS,139,49,107,0,0
PASS,138,49,107,0,0
PASS,139,49,106,0,0
PASS,139,49,106,0,0
PASS,139,49,107,0,0
PASS,139,49,105,0,0
PASS,138,49,106,0,0
PASS,140,49,107,0,0
PASS,139,49,107,0,0
PASS,140,48,107,0,0
PASS,139,49,107,0,0
PASS,140,49,107,0,0
PASS,138,49,107,0,0
PASS,139,49,107,0,0
PASS,139,49,107,0,0
PASS,140,49,107,0,0
PASS,139,49,107,0,0
PASS,139,48,108,0,0
PASS,138,49,107,0,0
PASS,139,49,108,0,0
PASS,140,48,107,0,0
PASS,140,48,108,0,0
PASS,139,49,108,0,0
PASS,140,48,108,0,0
PASS,140,48,108,0,0
PASS,140,49,107,0,0
PASS,140,49,108,0,0
PASS,140,48,107,0,0
PASS,139,49,108,0,0
PASS,139,49,108,0,0
PASS,140,49,108,0,0
PASS,140,49,108,0,0
PASS,140,49,108,0,0
PASS,140,49,108,0,0
PASS,140,49,108,0,0
PASS,140,49,109,0,0
PASS,140,49,108,0,0
PASS,140,49,108,0,0
PASS,139,49,108,0,0
PASS,140,49,109,0,0
PASS,140,48,109,0,0
PASS,140,49,108,0,0
PASS,140,49,108,0,0
PASS,140,49,108,0,0
PASS,141,49,109,0,0
PASS,140,49,109,0,0
PASS,140,48,109,0,0
PASS,140,49,109,0,0
PASS,140,48,108,0,0
PASS,140,48,109,0,0
PASS,140,49,109,0,0
PASS,141,49,109,0,0
PASS,141,48,110,0,0
PASS,141,49,110,0,0
PASS,140,49,109,0,0
PASS,140,49,109,0,0
PASS,140,49,110,0,0
PASS,140,49,109,0,0
PASS,141,49,110,0,0
PASS,140,49,109,0,0
PASS,141,49,110,0,0
PASS,140,49,110,0,0
PASS,140,48,111,0,0
PASS,141,49,110,0,0
PASS,140,49,110,0,0
PASS,140,49,111,0,0
PASS,141,48,111,0,0
PASS,140,49,110,0,0
PASS,141,49,111,0,0
PASS,141,49,111,0,0
PASS,141,49,111,0,0
PASS,140,49,111,0,0
PASS,141,49,110,0,0
PASS,140,49,111,0,0
PASS,141,49,110,0,0
PASS,141,49,112,0,0
PASS,140,49,111,0,0
PASS,141,49,112,0,0
PASS,141,49,111,0,0
PASS,140,47,111,0,0
PASS,141,49,111,0,0
PASS,140,50,112,0,0
PASS,141,50,112,0,0
PASS,141,49,112,0,0
PASS,141,49,112,0,0
PASS,141,50,112,0,0
PASS,142,49,112,0,0
PASS,141,49,112,0,0
PASS,140,50,112,0,0
PASS,140,50,113,0,0
PASS,141,50,112,0,0
PASS,141,49,113,0,0
PASS,141,49,113,0,0
PASS,141,49,113,0,0
PASS,141,49,113,0,0
PASS,141,49,112,0,0
PASS,141,50,113,0,0
PASS,141,49,114,0,0
PASS,141,50,114,0,0
PASS,140,49,113,0,0
PASS,141,49,114,0,0
PASS,141,49,114,0,0
PASS,141,49,114,0,0
PASS,141,49,113,0,0
PASS,141,49,113,0,0
PASS,140,49,113,0,0
PASS,141,49,114,0,0
PASS,140,49,113,0,0
PASS,140,49,114,0,0
PASS,140,50,113,0,0
PASS,140,49,114,0,0
PASS,140,50,114,0,0
PASS,140,50,114,0,0
PASS,140,50,115,0,0
PASS,141,50,115,0,0
PASS,140,50,115,0,0
PASS,141,50,115,0,0
PASS,141,50,115,0,0
PASS,141,50,115,0,0
PASS,140,50,115,0,0
PASS,140,50,115,0,0
PASS,141,50,115,0,0
PASS,140,50,114,0,0
PASS,141,50,115,0,0
PASS,140,49,115,0,0
PASS,140,50,115,0,0
PASS,140,50,115,0,0
PASS,140,50,115,0,0
PASS,140,50,116,0,0
PASS,140,50,116,0,0
PASS,140,50,116,0,0
PASS,140,49,115,0,0
PASS,140,49,115,0,0
PASS,140,49,116,0,0
PASS,140,49,116,0,0
PASS,140,49,117,0,0
PASS,140,49,117,0,0
PASS,140,49,117,0,0
PASS,140,49,116,0,0
PASS,139,49,116,0,0
PASS,140,49,117,0,0
PASS,139,49,117,0,0
PASS,139,50,117,0,0
PASS,140,50,117,0,0
PASS,140,50,117,0,0
PASS,140,50,117,0,0
PASS,139,50,117,0,0
PASS,140,50,117,0,0
PASS,139,50,117,0,0
PASS,140,50,118,0,0
PASS,139,50,117,0,0
PASS,140,49,117,0,0
PASS,139,49,118,0,0
PASS,138,49,117,0,0
PASS,139,50,117,0,0
PASS,140,49,117,0,0
PASS,140,50,118,0,0
PASS,139,49,118,0,0
PASS,140,50,118,0,0
PASS,139,50,118,0,0
PASS,137,50,118,0,0
PASS,139,50,117,0,0
PASS,139,50,118,0,0
PASS,139,49,119,0,0
PASS,139,49,119,0,0
PASS,140,49,118,0,0
PASS,139,49,119,0,0
PASS,138,49,118,0,0
PASS,139,49,119,0,0
PASS,139,49,119,0,0
PASS,138,49,119,0,0
PASS,139,49,118,0,0
PASS,138,49,118,0,0
PASS,139,50,119,0,0
PASS,138,49,119,0,0
PASS,138,50,119,0,0
PASS,140,50,119,0,0
PASS,139,50,119,0,0
PASS,139,49,119,0,0
PASS,139,49,120,0,0
PASS,139,50,119,0,0
PASS,138,50,120,0,0
PASS,138,49,120,0,0
PASS,139,50,119,0,0
PASS,139,50,120,0,0
PASS,139,50,120,0,0
PASS,139,49,120,0,0
PASS,139,49,120,0,0
PASS,139,49,120,0,0
PASS,139,49,119,0,0
PASS,140,49,121,0,0
PASS,139,49,121,0,0
PASS,138,49,119,0,0
PASS,139,49,121,0,0
PASS,139,49,120,0,0
PASS,139,49,121,0,0
PASS,139,49,119,0,0
PASS,138,49,120,0,0
PASS,139,49,122,0,0
PASS,139,49,121,0,0
PASS,138,50,121,0,0
PASS,138,49,121,0,0
PASS,139,49,121,0,0
PASS,138,49,121,0,0
PASS,139,49,121,0,0
PASS,139,49,122,0,0
PASS,139,49,121,0,0
PASS,139,49,122,0,0
PASS,139,49,122,0,0
PASS,138,49,121,0,0
PASS,139,49,122,0,0
PASS,139,50,121,0,0
PASS,138,50,122,0,0
PASS,138,49,122,0,0
PASS,138,49,122,0,0
PASS,139,49,122,0,0
PASS,139,49,122,0,0
PASS,139,49,122,0,0
PASS,139,50,123,0,0
PASS,139,50,121,0,0
PASS,138,50,123,0,0
PASS,138,50,123,0,0
PASS,139,50,123,0,0
PASS,138,50,123,0,0
PASS,138,50,122,0,0
PASS,139,50,122,0,0
PASS,138,49,123,0,0
PASS,138,50,122,0,0
PASS,138,50,123,0,0
PASS,138,50,123,0,0
PASS,138,50,123,0,0
PASS,138,50,122,0,0
PASS,138,50,123,0,0
PASS,138,50,123,0,0
PASS,139,49,123,0,0
PASS,138,50,124,0,0
PASS,139,49,123,0,0
PASS,138,49,123,0,0
PASS,139,49,124,0,0
PASS,138,49,124,0,0
PASS,137,50,124,0,0
PASS,139,49,124,0,0
PASS,139,49,124,0,0
PASS,139,49,124,0,0
PASS,138,50,123,0,0
PASS,138,50,124,0,0
PASS,138,50,124,0,0
PASS,138,50,124,0,0
PASS,138,49,124,0,0
PASS,138,49,124,0,0
PASS,138,49,124,0,0
PASS,138,50,124,0,0
PASS,137,49,125,0,0
PASS,139,50,125,0,0
PASS,138,49,125,0,0
PASS,139,49,125,0,0
PASS,138,49,125,0,0
PASS,138,49,125,0,0
PASS,138,49,124,0,0
PASS,138,50,126,0,0
PASS,139,50,125,0,0
PASS,137,49,125,0,0
PASS,138,49,125,0,0
PASS,139,49,125,0,0
PASS,138,49,126,0,0
PASS,138,49,126,0,0
PASS,138,50,125,0,0
PASS,138,50,126,0,0
PASS,138,50,126,0,0
PASS,138,50,126,0,0
PASS,137,50,125,0,0
PASS,137,50,125,0,0
PASS,138,49,125,0,0
PASS,138,49,126,0,0
PASS,137,50,126,0,0
PASS,138,50,126,0,0
PASS,137,50,126,0,0
PASS,138,49,126,0,0
PASS,138,50,126,0,0
PASS,138,49,126,0,0
PASS,138,50,126,0,0
PASS,138,50,125,0,0
PASS,138,50,126,0,0
PASS,137,49,127,0,0
PASS,138,49,126,0,0
PASS,138,49,126,0,0
PASS,138,50,127,0,0
PASS,138,50,126,0,0
PASS,138,50,125,0,0
PASS,137,49,126,0,0
PASS,138,49,127,0,0
PASS,138,50,126,0,0
PASS,137,49,126,0,0
PASS,137,50,127,0,0
PASS,138,50,127,0,0
PASS,138,50,127,0,0
PASS,138,49,126,0,0
PASS,137,49,127,0,0
PASS,138,50,127,0,0
PASS,138,50,126,0,0
PASS,137,50,127,0,0
PASS,138,50,127,0,0
PASS,138,50,127,0,0
PASS,138,49,127,0,0
PASS,138,50,126,0,0
PASS,138,50,128,0,0
PASS,138,50,128,0,0
PASS,138,50,127,0,0
PASS,138,49,128,0,0
PASS,138,50,128,0,0
PASS,138,49,127,0,0
PASS,138,50,127,0,0
PASS,137,50,127,0,0
PASS,138,50,126,0,0
PASS,137,49,128,0,0
PASS,138,49,128,0,0
PASS,137,50,128,0,0
PASS,138,50,128,0,0
PASS,138,50,128,0,0
PASS,138,50,128,0,0
PASS,137,49,127,0,0
PASS,138,50,129,0,0
PASS,138,50,129,0,0
PASS,138,49,128,0,0
PASS,138,49,129,0,0
PASS,138,49,129,0,0
PASS,138,50,128,0,0
PASS,138,50,128,0,0
PASS,138,49,129,0,0
PASS,138,49,129,0,0
PASS,137,50,128,0,0
PASS,138,49,130,0,0
PASS,137,49,128,0,0
PASS,138,50,129,0,0
PASS,138,50,129,0,0
PASS,138,50,128,0,0
PASS,138,49,128,0,0
PASS,138,50,129,0,0
PASS,138,50,130,0,0
PASS,137,49,128,0,0
PASS,138,49,129,0,0
PASS,138,49,129,0,0
PASS,138,50,129,0,0
PASS,138,49,130,0,0
PASS,137,50,129,0,0
PASS,139,50,130,0,0
PASS,138,50,130,0,0
PASS,138,49,129,0,0
PASS,138,49,130,0,0
PASS,138,50,129,0,0
PASS,138,50,131,0,0
PASS,138,49,130,0,0
PASS,138,49,130,0,0
PASS,137,50,129,0,0
PASS,138,50,131,0,0
PASS,138,49,130,0,0
PASS,138,49,130,0,0
PASS,138,50,130,0,0
PASS,138,49,131,0,0
PASS,138,49,130,0,0
PASS,139,50,130,0,0
PASS,137,50,130,0,0
PASS,138,49,130,0,0
PASS,138,50,130,0,0
PASS,138,50,130,0,0
PASS,138,49,130,0,0
PASS,137,50,131,0,0
PASS,138,50,131,0,0
PASS,138,49,131,0,0
PASS,137,49,131,0,0
PASS,138,50,131,0,0
PASS,138,50,131,0,0
PASS,138,49,131,0,0
PASS,138,50,131,0,0
PASS,138,50,131,0,0
PASS,138,50,131,0,0
PASS,138,50,131,0,0
PASS,138,50,130,0,0
PASS,138,50,130,0,0
PASS,138,50,131,0,0
PASS,137,50,131,0,0
PASS,138,50,131,0,0
PASS,138,50,131,0,0
PASS,139,50,131,0,0
PASS,138,50,131,0,0
PASS,138,50,131,0,0
PASS,138,50,131,0,0
PASS,138,49,131,0,0
PASS,138,50,131,0,0
PASS,136,50,131,0,0
PASS,138,50,131,0,0
PASS,138,50,131,0,0
PASS,138,50,131,0,0
PASS,138,50,131,0,0
PASS,138,50,131,0,0
PASS,138,50,132,0,0
PASS,138,49,132,0,0
PASS,138,50,131,0,0
PASS,138,50,131,0,0
PASS,138,49,132,0,0
PASS,138,50,132,0,0
PASS,138,50,132,0,0
PASS,138,50,132,0,0
PASS,136,49,132,0,0
PASS,138,49,132,0,0
PASS,138,49,131,0,0
PASS,138,50,132,0,0
PASS,138,50,133,0,0
PASS,138,50,132,0,0
PASS,137,50,132,0,0
PASS,138,50,132,0,0
PASS,138,50,132,0,0
PASS,137,50,132,0,0
PASS,138,50,133,0,0
PASS,137,50,132,0,0
PASS,137,50,132,0,0
PASS,138,50,133,0,0
PASS,137,50,133,0,0
PASS,138,50,133,0,0
PASS,138,50,133,0,0
PASS,138,50,133,0,0
PASS,138,50,133,0,0
PASS,138,50,133,0,0
PASS,137,50,132,0,0
PASS,138,50,133,0,0
PASS,139,50,133,0,0
PASS,138,50,132,0,0
PASS,138,49,132,0,0
PASS,138,50,133,0,0
PASS,138,50,133,0,0
PASS,138,50,134,0,0
PASS,138,50,134,0,0
PASS,138,50,133,0,0
PASS,138,50,133,0,0
PASS,138,49,133,0,0
PASS,138,49,133,0,0
PASS,138,50,133,0,0
PASS,137,50,133,0,0
PASS,138,50,133,0,0
PASS,138,50,133,0,0
PASS,138,50,133,0,0
PASS,137,50,133,0,0
PASS,137,49,133,0,0
PASS,138,50,134,0,0
PASS,138,49,134,0,0
PASS,138,50,133,0,0
PASS,138,49,134,0,0
PASS,138,50,134,0,0
PASS,138,50,133,0,0
PASS,138,50,133,0,0
PASS,137,50,133,0,0
PASS,139,49,134,0,0
PASS,137,50,133,0,0
PASS,137,49,134,0,0
PASS,137,50,134,0,0
PASS,138,50,133,0,0
PASS,138,49,133,0,0
PASS,137,50,134,0,0
PASS,137,49,134,0,0
PASS,137,50,134,0,0
PASS,138,50,134,0,0
PASS,138,50,135,0,0
PASS,137,50,135,0,0
PASS,137,50,133,0,0
PASS,138,50,134,0,0
PASS,137,50,134,0,0
PASS,138,50,134,0,0
PASS,137,49,134,0,0
PASS,138,50,135,0,0
PASS,138,50,135,0,0
PASS,138,50,133,0,0
PASS,137,49,135,0,0
PASS,138,49,133,0,0
PASS,138,50,135,0,0
PASS,138,50,134,0,0
PASS,137,49,135,0,0
PASS,138,50,135,0,0
PASS,136,50,134,0,0
PASS,138,50,134,0,0
PASS,138,49,135,0,0
PASS,138,49,134,0,0
PASS,138,50,135,0,0
PASS,138,50,135,0,0
PASS,137,49,135,0,0
PASS,138,49,135,0,0
PASS,138,50,135,0,0
PASS,138,50,135,0,0
PASS,137,50,135,0,0
PASS,138,49,135,0,0
PASS,137,50,135,0,0
PASS,137,50,135,0,0
PASS,138,50,135,0,0
PASS,138,49,135,0,0
PASS,137,49,135,0,0
PASS,137,49,134,0,0
PASS,138,50,135,0,0
PASS,137,50,135,0,0
PASS,137,50,135,0,0
PASS,138,49,135,0,0
PASS,138,49,135,0,0
PASS,138,50,135,0,0
PASS,137,50,135,0,0
PASS,138,50,135,0,0
PASS,137,50,135,0,0
PASS,137,50,135,0,0
PASS,137,50,135,0,0
PASS,137,49,135,0,0
PASS,137,50,136,0,0
PASS,137,50,135,0,0
PASS,137,50,135,0,0
PASS,138,50,135,0,0
PASS,136,49,135,0,0
PASS,136,49,135,0,0
PASS,137,49,135,0,0
PASS,137,49,135,0,0
PASS,137,49,135,0,0
PASS,138,49,136,0,0
PASS,136,49,135,0,0
PASS,137,50,136,0,0
PASS,137,50,135,0,0
PASS,137,50,135,0,0
PASS,137,50,136,0,0
PASS,136,50,135,0,0
PASS,137,50,136,0,0
PASS,137,50,136,0,0
PASS,136,50,136,0,0
PASS,136,49,136,0,0
PASS,137,50,135,0,0
PASS,137,50,136,0,0
PASS,138,50,136,0,0
PASS,137,50,136,0,0
PASS,137,49,135,0,0
PASS,137,49,136,0,0
PASS,136,49,136,0,0
PASS,136,50,136,0,0
PASS,137,50,135,0,0
PASS,137,50,136,0,0
PASS,138,50,135,0,0
PASS,137,50,136,0,0
PASS,137,49,136,0,0
PASS,136,49,136,0,0
PASS,136,50,136,0,0
PASS,137,50,136,0,0
PASS,136,50,136,0,0
PASS,137,50,136,0,0
PASS,135,49,136,0,0
PASS,138,49,136,0,0
PASS,137,50,136,0,0
PASS,136,50,136,0,0
PASS,137,50,136,0,0
PASS,137,49,136,0,0
PASS,136,49,137,0,0
PASS,136,50,137,0,0
PASS,137,50,136,0,0
PASS,137,50,136,0,0
PASS,135,50,137,0,0
PASS,135,50,136,0,0
PASS,137,50,137,0,0
PASS,136,50,136,0,0
PASS,137,50,137,0,0
PASS,137,50,137,0,0
PASS,137,50,137,0,0
PASS,137,50,137,0,0
PASS,137,50,136,0,0
PASS,137,50,137,0,0
PASS,137,50,136,0,0
PASS,137,50,137,0,0
PASS,136,49,136,0,0
PASS,136,50,135,0,0
PASS,136,50,137,0,0
PASS,137,49,136,0,0
PASS,136,50,137,0,0
PASS,137,49,137,0,0
PASS,137,49,136,0,0
PASS,137,49,137,0,0
PASS,136,49,138,0,0
PASS,137,49,136,0,0
PASS,137,49,136,0,0
PASS,136,49,137,0,0
PASS,136,49,137,0,0
PASS,137,49,137,0,0
PASS,136,49,137,0,0
PASS,136,49,137,0,0
PASS,136,50,136,0,0
PASS,137,50,136,0,0
PASS,136,49,137,0,0
PASS,137,49,137,0,0
PASS,136,50,137,0,0
PASS,136,49,137,0,0
PASS,137,50,137,0,0
PASS,136,49,137,0,0
PASS,137,50,138,0,0
PASS,136,50,136,0,0
PASS,137,50,137,0,0
PASS,136,50,137,0,0
PASS,137,50,137,0,0
PASS,136,50,137,0,0
PASS,136,49,137,0,0
PASS,135,49,137,0,0
PASS,135,49,137,0,0
PASS,136,50,137,0,0
PASS,136,50,137,0,0
PASS,136,50,138,0,0
PASS,136,49,138,0,0
PASS,135,49,138,0,0
PASS,136,50,137,0,0
PASS,136,50,137,0,0
PASS,136,49,138,0,0
PASS,136,49,138,0,0
PASS,136,50,138,0,0
PASS,137,50,138,0,0
PASS,135,50,137,0,0
PASS,136,50,138,0,0
PASS,136,49,138,0,0
PASS,136,50,137,0,0
PASS,135,50,138,0,0
PASS,136,50,138,0,0
PASS,136,50,138,0,0
PASS,136,50,138,0,0
PASS,136,50,138,0,0
PASS,136,49,138,0,0
PASS,135,49,138,0,0
PASS,136,50,138,0,0
PASS,135,50,138,0,0
PASS,136,50,137,0,0
PASS,136,50,137,0,0
PASS,135,50,138,0,0
PASS,135,50,137,0,0
PASS,135,49,139,0,0
PASS,136,49,138,0,0
PASS,136,49,137,0,0
PASS,136,49,138,0,0
PASS,136,49,138,0,0
PASS,136,50,138,0,0
PASS,136,50,139,0,0
PASS,136,50,138,0,0
PASS,136,49,138,0,0
PASS,136,49,138,0,0
PASS,136,49,138,0,0
PASS,136,49,137,0,0
PASS,136,50,138,0,0
PASS,135,50,138,0,0
PASS,135,49,137,0,0
PASS,136,49,138,0,0
PASS,136,49,139,0,0
PASS,136,49,138,0,0
PASS,136,50,139,0,0
PASS,135,50,138,0,0
PASS,135,50,138,0,0
PASS,135,50,138,0,0
PASS,135,50,139,0,0
PASS,135,50,138,0,0
PASS,136,49,138,0,0
PASS,135,49,138,0,0
PASS,135,50,138,0,0
PASS,136,50,138,0,0
PASS,135,50,138,0,0
PASS,135,50,138,0,0
PASS,135,50,138,0,0
PASS,135,49,138,0,0
PASS,135,50,139,0,0
PASS,135,50,137,0,0
PASS,135,50,138,0,0
PASS,135,50,138,0,0
PASS,135,50,138,0,0
PASS,135,49,138,0,0
PASS,135,50,138,0,0
PASS,135,50,138,0,0
PASS,135,50,138,0,0
PASS,135,50,138,0,0
PASS,135,50,138,0,0
PASS,135,50,139,0,0
PASS,135,50,138,0,0
PASS,135,50,139,0,0
PASS,135,49,138,0,0
PASS,134,49,138,0,0
PASS,135,50,139,0,0
PASS,135,50,139,0,0
PASS,135,50,139,0,0
PASS,135,50,138,0,0
PASS,135,50,138,0,0
PASS,135,49,139,0,0
PASS,135,50,139,0,0
PASS,135,50,138,0,0
PASS,135,50,139,0,0
PASS,135,50,138,0,0
PASS,135,50,138,0,0
PASS,135,49,138,0,0
PASS,135,49,139,0,0
PASS,135,49,138,0,0
PASS,135,50,139,0,0
PASS,135,49,138,0,0
PASS,135,49,139,0,0
PASS,134,50,139,0,0
PASS,135,50,138,0,0
PASS,134,50,139,0,0
PASS,135,50,139,0,0
PASS,135,50,139,0,0
PASS,135,50,139,0,0
PASS,135,50,139,0,0
PASS,135,50,139,0,0
PASS,134,50,139,0,0
PASS,135,49,139,0,0
PASS,135,50,138,0,0
PASS,135,49,139,0,0
PASS,135,49,138,0,0
PASS,135,50,139,0,0
PASS,135,50,139,0,0
PASS,134,49,139,0,0
PASS,134,50,139,0,0
PASS,135,49,139,0,0
PASS,135,50,139,0,0
PASS,135,50,139,0,0
PASS,135,50,139,0,0
PASS,135,49,139,0,0
PASS,135,49,140,0,0
